-- phpMyAdmin SQL Dump
-- version 5.2.1
-- https://www.phpmyadmin.net/
--
-- 主機： 127.0.0.1
-- 產生時間： 2025-12-07 14:23:54
-- 伺服器版本： 10.4.32-MariaDB
-- PHP 版本： 8.2.12

SET SQL_MODE = "NO_AUTO_VALUE_ON_ZERO";
START TRANSACTION;
SET time_zone = "+00:00";


/*!40101 SET @OLD_CHARACTER_SET_CLIENT=@@CHARACTER_SET_CLIENT */;
/*!40101 SET @OLD_CHARACTER_SET_RESULTS=@@CHARACTER_SET_RESULTS */;
/*!40101 SET @OLD_COLLATION_CONNECTION=@@COLLATION_CONNECTION */;
/*!40101 SET NAMES utf8mb4 */;

--
-- 資料庫： `buycart`
--

-- --------------------------------------------------------

--
-- 資料表結構 `comments`
--

CREATE TABLE `comments` (
  `id` varchar(50) NOT NULL COMMENT '留言ID',
  `order_id` varchar(50) NOT NULL COMMENT '訂單ID',
  `commenter_id` varchar(50) NOT NULL COMMENT '留言者ID',
  `commenter_name` varchar(100) NOT NULL COMMENT '留言者名稱',
  `commenter_phone` varchar(20) DEFAULT NULL COMMENT '留言者電話',
  `commenter_line` varchar(100) DEFAULT NULL COMMENT '留言者Line ID',
  `text` text NOT NULL COMMENT '留言內容',
  `is_order_request` tinyint(1) DEFAULT NULL COMMENT '是否為接單請求',
  `is_reply` tinyint(1) DEFAULT NULL COMMENT '是否為回覆',
  `parent_id` varchar(50) DEFAULT NULL COMMENT '父留言ID（用於回覆）',
  `delivery_status` enum('pending','accepted','delivering','completed','rejected') DEFAULT NULL COMMENT '配送狀態',
  `accepted` tinyint(1) DEFAULT NULL COMMENT '是否已接單',
  `accepted_at` bigint(20) DEFAULT NULL COMMENT '接單時間',
  `completed` tinyint(1) DEFAULT NULL COMMENT '是否已完成',
  `completed_time` bigint(20) DEFAULT NULL COMMENT '完成時間',
  `rating` int(11) DEFAULT NULL COMMENT '評分（1-5）',
  `rating_comment` text DEFAULT NULL COMMENT '評分留言',
  `status` enum('active','ignored','deleted') DEFAULT NULL COMMENT '留言狀態',
  `ignored_reason` text DEFAULT NULL COMMENT '忽略原因',
  `ignored_by` varchar(50) DEFAULT NULL COMMENT '忽略者ID',
  `ignored_at` bigint(20) DEFAULT NULL COMMENT '忽略時間',
  `show_new_badge` tinyint(1) DEFAULT NULL COMMENT '顯示新留言標籤',
  `new_badge_expire_time` bigint(20) DEFAULT NULL COMMENT '新留言標籤過期時間',
  `timestamp` bigint(20) NOT NULL COMMENT '留言時間戳',
  `updated_at` timestamp NULL DEFAULT current_timestamp() COMMENT '更新時間'
) ENGINE=InnoDB DEFAULT CHARSET=utf8mb4 COLLATE=utf8mb4_unicode_ci;

--
-- 傾印資料表的資料 `comments`
--

INSERT INTO `comments` (`id`, `order_id`, `commenter_id`, `commenter_name`, `commenter_phone`, `commenter_line`, `text`, `is_order_request`, `is_reply`, `parent_id`, `delivery_status`, `accepted`, `accepted_at`, `completed`, `completed_time`, `rating`, `rating_comment`, `status`, `ignored_reason`, `ignored_by`, `ignored_at`, `show_new_badge`, `new_badge_expire_time`, `timestamp`, `updated_at`) VALUES
('comment_1762919791439_oedit', '1762919753007', '1761571745554', 'Jk', NULL, NULL, '+1', 1, 0, NULL, 'completed', 1, NULL, 1, 1762920157536, 5, '外送速度非常快', 'active', NULL, NULL, NULL, 1, NULL, 1762919791439, '2025-11-12 04:02:52'),
('comment_1762919819759_4y99t', '1762919753007', '1761576069727', 'Ty', NULL, NULL, '+2', 1, 0, NULL, 'pending', 0, NULL, 0, NULL, NULL, NULL, 'active', NULL, NULL, NULL, 1, NULL, 1762919819759, '2025-11-12 03:57:15'),
('comment_1762921793935_l3xr2', '1762921750172', '1761571745554', 'Jk', NULL, NULL, '+1', 1, 0, NULL, 'completed', 1, NULL, 1, 1762922050366, 3, '速度有點慢', 'active', NULL, NULL, NULL, 1, NULL, 1762921793935, '2025-11-12 04:34:25'),
('comment_1762921844794_m3cr3', '1762921750172', '1761576069727', 'Ty', NULL, NULL, '+2', 1, 0, NULL, 'completed', 1, NULL, 1, 1762922010914, 5, '代購效率高', 'active', NULL, NULL, NULL, 1, NULL, 1762921844794, '2025-11-12 04:33:46'),
('comment_1762923131085_v1ju1', '1762923078850', '1761655382699', 'TestAccount', NULL, NULL, '+1', 1, 0, NULL, 'completed', 1, NULL, 1, 1762924105808, 4, '不錯', 'active', NULL, NULL, NULL, 1, NULL, 1762923131085, '2025-11-12 05:08:41'),
('comment_1762923155785_lux80', '1762923078850', '1761576069727', 'Ty', NULL, NULL, '+2', 1, 0, NULL, 'completed', 1, NULL, 1, 1762924054156, 3, '老問題', 'active', NULL, NULL, NULL, 1, NULL, 1762923155785, '2025-11-12 05:07:49'),
('comment_1762924596589_65sg5', '1762924547247', '1761571745554', 'Jk', NULL, NULL, '測試', 1, 0, NULL, 'completed', 1, NULL, 1, 1762927084931, 5, '很讚啦', 'active', NULL, NULL, NULL, 1, NULL, 1762924596589, '2025-11-12 05:58:20'),
('comment_1762927192560_ltp8u', '1762927067502', '1761571745554', 'Jk', NULL, NULL, '+1', 1, 0, NULL, 'pending', 0, NULL, 0, NULL, NULL, NULL, 'active', NULL, NULL, NULL, 1, NULL, 1762927192560, '2025-11-12 06:00:07'),
('comment_1762927286936_44dqc', '1762927067502', '1761655382699', 'TestAccount', NULL, NULL, '+2', 1, 0, NULL, 'pending', 0, NULL, 0, NULL, NULL, NULL, 'active', NULL, NULL, NULL, 1, NULL, 1762927286936, '2025-11-12 06:01:42'),
('comment_1763433375366_syzpt', '1763433331309', '1761571745554', 'Jk', NULL, NULL, '+1', 1, 0, NULL, 'completed', 1, NULL, 1, 1763433779242, 5, '最後一步了 加油！', 'active', NULL, NULL, NULL, 1, NULL, 1763433375366, '2025-11-18 02:43:06'),
('comment_1763433517926_p638i', '1763433331309', '1761576069727', 'Ty', NULL, NULL, '+2', 1, 0, NULL, 'pending', 0, NULL, 0, NULL, NULL, NULL, 'active', NULL, NULL, NULL, 1, NULL, 1763433517926, '2025-11-18 02:38:45'),
('comment_1763435046462_829rg', '1763434998061', '1761571745554', 'Jk', NULL, NULL, '+1', 1, 0, NULL, 'completed', 1, NULL, 1, 1763435263795, 5, '至少你要成功！', 'active', NULL, NULL, NULL, 1, NULL, 1763435046462, '2025-11-18 03:07:51'),
('comment_1763435070164_773eg', '1763434998061', '1761576069727', 'Ty', NULL, NULL, '+2', 1, 0, NULL, 'pending', 0, NULL, 0, NULL, NULL, NULL, 'active', NULL, NULL, NULL, 1, NULL, 1763435070164, '2025-11-18 03:04:37'),
('comment_1763472572990_g7fp8', '1763472539062', '1761571745554', 'Jk', NULL, NULL, '+1', 1, 0, NULL, 'delivering', 1, NULL, 1, NULL, NULL, NULL, 'active', NULL, NULL, NULL, 1, NULL, 1763472572990, '2025-11-18 13:31:57'),
('comment_1763473933175_marfb', '1763473909675', '1761571745554', 'Jk', NULL, NULL, '讚啦', 1, 0, NULL, 'completed', 1, NULL, 1, 1763474077628, 5, '不可能這個也壞掉吧', 'active', NULL, NULL, NULL, 1, NULL, 1763473933175, '2025-11-18 13:54:36'),
('comment_1763475046384_1xx78', '1763474992423', '1761576069727', 'Ty', NULL, NULL, '成功啊求求了', 1, 0, NULL, 'completed', 1, NULL, 1, 1763475134366, 3, '一般般', 'active', NULL, NULL, NULL, 1, NULL, 1763475046385, '2025-11-18 14:12:13'),
('comment_1763476123698_pomlj', '1763476081111', '1761571745554', 'Jk', NULL, NULL, '+9', 1, 0, NULL, 'completed', 1, NULL, 1, 1763476169701, 1, '動作超慢', 'active', NULL, NULL, NULL, 1, NULL, 1763476123698, '2025-12-07 09:51:12'),
('comment_1765081384399_ioyxl', '1765081113666', '1761576069727', 'Ty', '0987654123', '0000', '針織外套 M x1', 1, 0, NULL, 'completed', 1, NULL, 1, 1765081804405, 5, '客人相當和氣', 'active', NULL, NULL, NULL, 1, 1765081504399, 1765081384399, '2025-12-07 09:51:11'),
('comment_1765081553813_2a51d', '1765081113666', '1761655382699', 'TestAccount', '0985236147', '0000', '運動鞋 27.5cm x1', 1, 0, NULL, 'completed', 1, NULL, 1, 1765081845988, 3, '讓我在樓下等一段時間', 'active', NULL, NULL, NULL, 1, 1765081673813, 1765081553813, '2025-12-07 09:51:10'),
('comment_1765093020136_vl1dw', '1765092705405', '1761576069727', 'Ty', '0905292695', '0000', '黑色外套 m x1', 1, 0, NULL, 'completed', 1, NULL, 1, 1765093305569, 5, '人很好', 'active', NULL, NULL, NULL, 1, 1765093140136, 1765093020136, '2025-12-07 09:51:11'),
('comment_1765093086454_jxgzv', '1765092705405', '1761571745554', 'Jk', '0979720345', NULL, '白色褲子 x2', 1, 0, NULL, 'completed', 1, NULL, 1, 1765093341419, 2, '態度很差 好像欠他錢', 'active', NULL, NULL, NULL, 1, 1765093206454, 1765093086454, '2025-12-07 09:52:20'),
('comment_1765101249902_auiz5', '1765101105553', '1761576069727', 'Ty', '0905292696', NULL, 'shoes 27..5cm x1', 1, 0, NULL, 'completed', 1, NULL, 1, 1765101405169, 5, 'nice', 'active', NULL, NULL, NULL, 1, 1765101369902, 1765101249902, '2025-12-07 12:17:43'),
('comment_1765109594269_puru2', '1765109512085', '1761576069727', 'Ty', '0968772359', NULL, '運動外套 L M x2', 1, 0, NULL, 'completed', 1, NULL, 1, 1765109805468, 5, '多給我小費 超爽', 'active', NULL, NULL, NULL, 1, 1765109714269, 1765109594269, '2025-12-07 12:22:45'),
('comment_1765112746869_5fmyc', '1765112654753', '1761576069727', 'Ty', '0905292695', NULL, '枕頭 長枕 x4', 1, 0, NULL, 'completed', 1, NULL, 1, 1765112974985, 5, '速度超級快', 'active', NULL, NULL, NULL, 1, 1765112866869, 1765112746869, '2025-12-07 13:09:58');

-- --------------------------------------------------------

--
-- 資料表結構 `comment_items`
--

CREATE TABLE `comment_items` (
  `id` varchar(50) NOT NULL COMMENT '商品項目ID',
  `comment_id` varchar(50) NOT NULL COMMENT '留言ID',
  `item_name` varchar(200) NOT NULL COMMENT '商品名稱',
  `quantity` int(11) DEFAULT NULL COMMENT '商品數量',
  `item_price` int(11) DEFAULT NULL COMMENT '商品單價（單位：元）',
  `created_at` timestamp NOT NULL DEFAULT current_timestamp() COMMENT '創建時間'
) ENGINE=InnoDB DEFAULT CHARSET=utf8mb4 COLLATE=utf8mb4_unicode_ci COMMENT='留言商品項目表';

--
-- 傾印資料表的資料 `comment_items`
--

INSERT INTO `comment_items` (`id`, `comment_id`, `item_name`, `quantity`, `item_price`, `created_at`) VALUES
('item_comment_1764527643577_ptllt_0_1764532987716', 'comment_1764527643577_ptllt', '薯條', 1, 30, '2025-11-30 20:03:07'),
('item_comment_1764527643577_ptllt_1_1764532987717', 'comment_1764527643577_ptllt', '雞塊', 1, 30, '2025-11-30 20:03:07'),
('item_comment_1764527643577_ptllt_2_1764532987717', 'comment_1764527643577_ptllt', '可樂', 1, 30, '2025-11-30 20:03:07'),
('item_comment_1764532502042_xac8h_0_1764534298606', 'comment_1764532502042_xac8h', '月餅', 1, NULL, '2025-11-30 20:24:58'),
('item_comment_1764532502042_xac8h_1_1764534298607', 'comment_1764532502042_xac8h', '雪碧', 1, NULL, '2025-11-30 20:24:58'),
('item_comment_1764532611566_jhaqx_0_1764534298539', 'comment_1764532611566_jhaqx', '雞胸肉', 3, NULL, '2025-11-30 20:24:58'),
('item_comment_1764533540261_5ljvq_0_1764534298737', 'comment_1764533540261_5ljvq', '牛奶', 1, NULL, '2025-11-30 20:24:58'),
('item_comment_1765081384399_ioyxl_0_1765092914397', 'comment_1765081384399_ioyxl', '針織外套 M', 1, NULL, '2025-12-07 07:35:14'),
('item_comment_1765081553813_2a51d_0_1765092914312', 'comment_1765081553813_2a51d', '運動鞋 27.5cm', 1, NULL, '2025-12-07 07:35:14'),
('item_comment_1765093020136_vl1dw_0_1765096098965', 'comment_1765093020136_vl1dw', '黑色外套 m', 1, NULL, '2025-12-07 08:28:18'),
('item_comment_1765093086454_jxgzv_0_1765096098611', 'comment_1765093086454_jxgzv', '白色褲子', 2, NULL, '2025-12-07 08:28:18'),
('item_comment_1765101249902_auiz5_0_1765101871498', 'comment_1765101249902_auiz5', 'shoes 27..5cm', 1, NULL, '2025-12-07 10:04:31'),
('item_comment_1765109594269_puru2_0_1765110459219', 'comment_1765109594269_puru2', '運動外套 L M', 2, NULL, '2025-12-07 12:27:39'),
('item_comment_1765112746869_5fmyc_0_1765112998362', 'comment_1765112746869_5fmyc', '枕頭 長枕', 4, NULL, '2025-12-07 13:09:58');

-- --------------------------------------------------------

--
-- 資料表結構 `comment_replies`
--

CREATE TABLE `comment_replies` (
  `id` varchar(50) NOT NULL COMMENT '回覆ID',
  `comment_id` varchar(50) NOT NULL COMMENT '留言ID',
  `user` varchar(100) NOT NULL COMMENT '回覆者名稱',
  `text` text NOT NULL COMMENT '回覆內容',
  `timestamp` bigint(20) NOT NULL COMMENT '回覆時間戳',
  `show_new_badge` tinyint(1) DEFAULT NULL COMMENT '顯示新回覆標籤',
  `new_badge_expire_time` bigint(20) DEFAULT NULL COMMENT '新回覆標籤過期時間'
) ENGINE=InnoDB DEFAULT CHARSET=utf8mb4 COLLATE=utf8mb4_unicode_ci;

--
-- 傾印資料表的資料 `comment_replies`
--

INSERT INTO `comment_replies` (`id`, `comment_id`, `user`, `text`, `timestamp`, `show_new_badge`, `new_badge_expire_time`) VALUES
('reply_1762923853984_d9ipv', 'comment_1762923131085_v1ju1', 'Jk', '你好！', 1762923853984, 1, 1762923973984),
('reply_1762923901126_mhgn5', 'comment_1762923155785_lux80', 'Jk', '讚啦！', 1762923901126, 1, 1762924021126),
('reply_1765101296718_bc0u6', 'comment_1765101249902_auiz5', 'TestAccount', 'got it!', 1765101296718, 1, 1765101416718),
('reply_1765109649035_3n453', 'comment_1765109594269_puru2', 'TestAccount', 'Ok!', 1765109649035, 1, 1765109769035),
('reply_1765112807001_ol2vt', 'comment_1765112746869_5fmyc', 'TestAccount', '沒問題', 1765112807001, 1, 1765112927001);

-- --------------------------------------------------------

--
-- 資料表結構 `notifications`
--

CREATE TABLE `notifications` (
  `id` varchar(50) NOT NULL COMMENT '通知ID',
  `user_id` varchar(50) NOT NULL COMMENT '接收者用戶ID',
  `type` varchar(50) NOT NULL COMMENT '通知類型',
  `title` varchar(200) NOT NULL COMMENT '通知標題',
  `body` text NOT NULL COMMENT '通知內容',
  `order_id` varchar(50) DEFAULT NULL COMMENT '關聯訂單ID',
  `commenter_id` varchar(50) DEFAULT NULL COMMENT '關聯留言者ID',
  `order_name` varchar(200) DEFAULT NULL COMMENT '訂單名稱',
  `read` tinyint(1) DEFAULT NULL COMMENT '是否已讀',
  `ts` bigint(20) NOT NULL COMMENT '時間戳',
  `created_at` timestamp NULL DEFAULT current_timestamp() COMMENT '創建時間'
) ENGINE=InnoDB DEFAULT CHARSET=utf8mb4 COLLATE=utf8mb4_unicode_ci;

--
-- 傾印資料表的資料 `notifications`
--

INSERT INTO `notifications` (`id`, `user_id`, `type`, `title`, `body`, `order_id`, `commenter_id`, `order_name`, `read`, `ts`, `created_at`) VALUES
('1763475066409_gg37s', '1761576069727', 'orderAccepted', '代購接單確認', '您的留言「成功啊求求了」已被發起代購者確認接單！', '1763474992423', '1761576069727', '西瓜', 0, 1763475066409, '2025-11-18 14:11:05'),
('1763475067791_lkxgr', '1761576069727', 'delivery', '配送已開始', '您的訂單「成功啊求求了」已開始配送！', '1763474992423', '1761576069727', '西瓜', 0, 1763475067791, '2025-11-18 14:11:07'),
('1763475073106_z8v56', '1761576069727', 'arrived', '訂單已完成', '您的訂單「成功啊求求了」已完成，感謝您的參與！', '1763474992423', '1761576069727', '西瓜', 0, 1763475073106, '2025-11-18 14:11:12'),
('1765081631854_cyss9', '1761576069727', 'orderAccepted', '代購接單確認', '您的留言「針織外套 M x1」已被發起代購者確認接單！', '1765081113666', '1761576069727', '漢神愛迪達', 0, 1765081631854, '2025-12-07 04:27:34'),
('1765081724201_ceiag', '1761576069727', 'delivery', '配送已開始', '您的訂單「針織外套 M x1」已開始配送！', '1765081113666', '1761576069727', '漢神愛迪達', 0, 1765081724201, '2025-12-07 04:29:07'),
('1765081781673_k22vg', '1761576069727', 'arrived', '訂單已完成', '您的訂單「針織外套 M x1」已完成，感謝您的參與！', '1765081113666', '1761576069727', '漢神愛迪達', 0, 1765081781673, '2025-12-07 04:30:04'),
('1765081804788_r0v55', '1761576069727', 'newRating', '收到新評價', 'Jk 為您的代購「漢神愛迪達」給出了 5 星評價', '1765081113666', '1761571745554', '漢神愛迪達', 0, 1765081804788, '2025-12-07 04:30:27'),
('1765093147802_wqfad', '1761576069727', 'orderAccepted', '代購接單確認', '您的留言「黑色外套 m x1」已被發起代購者確認接單！', '1765092705405', '1761576069727', '新光三越耐吉', 0, 1765093147802, '2025-12-07 07:39:30'),
('1765093150985_j3rd2', '1761571745554', 'orderAccepted', '代購接單確認', '您的留言「白色褲子 x2」已被發起代購者確認接單！', '1765092705405', '1761571745554', '新光三越耐吉', 0, 1765093150985, '2025-12-07 07:39:34'),
('1765093227852_6kjyh', '1761571745554', 'delivery', '配送已開始', '您的訂單「白色褲子 x2」已開始配送！', '1765092705405', '1761571745554', '新光三越耐吉', 0, 1765093227852, '2025-12-07 07:40:50'),
('1765093227852_z6uj6', '1761576069727', 'delivery', '配送已開始', '您的訂單「黑色外套 m x1」已開始配送！', '1765092705405', '1761576069727', '新光三越耐吉', 0, 1765093227852, '2025-12-07 07:40:50'),
('1765093285576_ah2bi', '1761576069727', 'arrived', '訂單已完成', '您的訂單「黑色外套 m x1」已完成，感謝您的參與！', '1765092705405', '1761576069727', '新光三越耐吉', 0, 1765093285576, '2025-12-07 07:41:48'),
('1765093307270_5orf1', '1761576069727', 'newRating', '收到新評價', 'TestAccount 為您的代購「新光三越耐吉」給出了 5 星評價', '1765092705405', '1761655382699', '新光三越耐吉', 0, 1765093307270, '2025-12-07 07:42:10'),
('1765093326954_t65as', '1761571745554', 'arrived', '訂單已完成', '您的訂單「白色褲子 x2」已完成，感謝您的參與！', '1765092705405', '1761571745554', '新光三越耐吉', 0, 1765093326954, '2025-12-07 07:42:29'),
('1765093343152_06j48', '1761571745554', 'newRating', '收到新評價', 'TestAccount 為您的代購「新光三越耐吉」給出了 2 星評價', '1765092705405', '1761655382699', '新光三越耐吉', 0, 1765093343152, '2025-12-07 07:42:46'),
('1765101310035_9r7o7', '1761576069727', 'orderAccepted', '代購接單確認', '您的留言「shoes 27..5cm x1」已被發起代購者確認接單！', '1765101105553', '1761576069727', '南紡耐吉', 0, 1765101310035, '2025-12-07 09:55:33'),
('1765101364670_utme6', '1761576069727', 'delivery', '配送已開始', '您的訂單「shoes 27..5cm x1」已開始配送！', '1765101105553', '1761576069727', '南紡耐吉', 0, 1765101364670, '2025-12-07 09:56:27'),
('1765101384904_n798l', '1761576069727', 'arrived', '訂單已完成', '您的訂單「shoes 27..5cm x1」已完成，感謝您的參與！', '1765101105553', '1761576069727', '南紡耐吉', 0, 1765101384904, '2025-12-07 09:56:47'),
('1765101406968_h0plc', '1761576069727', 'newRating', '收到新評價', 'TestAccount 為您的代購「南紡耐吉」給出了 5 星評價', '1765101105553', '1761655382699', '南紡耐吉', 0, 1765101406968, '2025-12-07 09:57:10'),
('1765109668111_fe4se', '1761576069727', 'orderAccepted', '代購接單確認', '您的留言「運動外套 L M x2」已被發起代購者確認接單！', '1765109512085', '1761576069727', '南紡愛迪達', 0, 1765109668111, '2025-12-07 12:14:51'),
('1765109714951_bwob5', '1761576069727', 'delivery', '配送已開始', '您的訂單「運動外套 L M x2」已開始配送！', '1765109512085', '1761576069727', '南紡愛迪達', 0, 1765109714951, '2025-12-07 12:15:37'),
('1765109765737_qwoxf', '1761576069727', 'arrived', '訂單已完成', '您的訂單「運動外套 L M x2」已完成，感謝您的參與！', '1765109512085', '1761576069727', '南紡愛迪達', 0, 1765109765737, '2025-12-07 12:16:28'),
('1765109808134_9mpx5', '1761576069727', 'newRating', '收到新評價', 'TestAccount 為您的代購「南紡愛迪達」給出了 5 星評價', '1765109512085', '1761655382699', '南紡愛迪達', 0, 1765109808134, '2025-12-07 12:17:11'),
('1765112654955_b3by9', '1761655382699', 'created', '您已發起新代購活動', '宜得利', '1765112654753', NULL, '宜得利', 0, 1765112654955, '2025-12-07 13:04:38'),
('1765112716625_p5wpe', '1761655382699', 'liked', '有人對你的代購按讚', '宜得利', '1765112654753', NULL, '宜得利', 0, 1765112716625, '2025-12-07 13:05:39'),
('1765112819168_b2yc1', '1761576069727', 'orderAccepted', '代購接單確認', '您的留言「枕頭 長枕 x4」已被發起代購者確認接單！', '1765112654753', '1761576069727', '宜得利', 0, 1765112819168, '2025-12-07 13:07:22'),
('1765112887985_8sdhx', '1761576069727', 'delivery', '配送已開始', '您的訂單「枕頭 長枕 x4」已開始配送！', '1765112654753', '1761576069727', '宜得利', 0, 1765112887985, '2025-12-07 13:08:31'),
('1765112911453_d4t2m', '1761576069727', 'arrived', '訂單已完成', '您的訂單「枕頭 長枕 x4」已完成，感謝您的參與！', '1765112654753', '1761576069727', '宜得利', 0, 1765112911453, '2025-12-07 13:08:54'),
('1765112929368_ciyfe', '1761576069727', 'newRating', '收到新評價', 'TestAccount 為您的代購「宜得利」給出了 4 星評價', '1765112654753', '1761655382699', '宜得利', 0, 1765112929368, '2025-12-07 13:09:12'),
('1765112975502_mlrbt', '1761655382699', 'newRating', '收到新評價', 'Ty 為您的代購「宜得利」給出了 5 星評價', '1765112654753', '1761576069727', '宜得利', 0, 1765112975502, '2025-12-07 13:09:58'),
('notif_1765100362074', '1761571745554', 'newRating', '收到新評價', 'Ty 為您的代購「漢神愛迪達」給出了 5 星評價', '1765081113666', '1761576069727', '漢神愛迪達', 0, 1765100362074, '2025-12-07 09:39:22'),
('notif_1765100362271', '1761571745554', 'newRating', '收到新評價', 'TestAccount 為您的代購「漢神愛迪達」給出了 2 星評價', '1765081113666', '1761655382699', '漢神愛迪達', 0, 1765100362271, '2025-12-07 09:39:22'),
('notif_1765101072968', '1761571745554', 'newRating', '收到新評價', 'TestAccount 為您的代購「Watermelon 」給出了 1 星評價', '1763476081111', '1761655382699', 'Watermelon ', 0, 1765101072968, '2025-12-07 09:51:12'),
('notif_1765101428226', '1761576069727', 'newRating', '收到新評價', 'TestAccount 為您的代購「南紡耐吉」給出了 5 星評價', '1765101105553', '1761655382699', '南紡耐吉', 0, 1765101428226, '2025-12-07 09:57:08'),
('notif_1765109828528', '1761576069727', 'newRating', '收到新評價', 'TestAccount 為您的代購「南紡愛迪達」給出了 5 星評價', '1765109512085', '1761655382699', '南紡愛迪達', 0, 1765109828528, '2025-12-07 12:17:08'),
('notif_1765110159427', '1761655382699', 'newRating', '收到新評價', 'Jk 為您的代購「好市多」給出了 5 星評價', '1762919753007', '1761571745554', '好市多', 0, 1765110159427, '2025-12-07 12:22:39'),
('notif_1765110160368', '1761655382699', 'newRating', '收到新評價', 'Ty 為您的代購「壞事少」給出了 5 星評價', '1762921750172', '1761576069727', '壞事少', 0, 1765110160368, '2025-12-07 12:22:40'),
('notif_1765110160559', '1761655382699', 'newRating', '收到新評價', 'Jk 為您的代購「壞事少」給出了 3 星評價', '1762921750172', '1761571745554', '壞事少', 0, 1765110160559, '2025-12-07 12:22:40'),
('notif_1765110160899', '1761655382699', 'newRating', '收到新評價', 'Jk 為您的代購「信譽等級顯示異常測試」給出了 5 星評價', '1762924547247', '1761571745554', '信譽等級顯示異常測試', 0, 1765110160899, '2025-12-07 12:22:40'),
('notif_1765110161997', '1761655382699', 'newRating', '收到新評價', 'Jk 為您的代購「通知/評價測試」給出了 5 星評價', '1763434998061', '1761571745554', '通知/評價測試', 0, 1765110161998, '2025-12-07 12:22:42'),
('notif_1765110162662', '1761655382699', 'newRating', '收到新評價', 'Jk 為您的代購「最後一次了」給出了 5 星評價', '1763473909675', '1761571745554', '最後一次了', 0, 1765110162662, '2025-12-07 12:22:42'),
('notif_1765110162859', '1761655382699', 'newRating', '收到新評價', 'Ty 為您的代購「西瓜」給出了 3 星評價', '1763474992423', '1761576069727', '西瓜', 0, 1765110162859, '2025-12-07 12:22:42'),
('notif_1765110163050', '1761655382699', 'newRating', '收到新評價', 'Jk 為您的代購「Watermelon 」給出了 2 星評價', '1763476081111', '1761571745554', 'Watermelon ', 0, 1765110163050, '2025-12-07 12:22:43'),
('notif_1765110163245', '1761655382699', 'newRating', '收到新評價', 'Jk 為您的代購「漢神愛迪達」給出了 3 星評價', '1765081113666', '1761571745554', '漢神愛迪達', 0, 1765110163245, '2025-12-07 12:22:43'),
('notif_1765110163444', '1761655382699', 'newRating', '收到新評價', 'Ty 為您的代購「新光三越耐吉」給出了 5 星評價', '1765092705405', '1761576069727', '新光三越耐吉', 0, 1765110163444, '2025-12-07 12:22:43'),
('notif_1765110163649', '1761655382699', 'newRating', '收到新評價', 'Jk 為您的代購「新光三越耐吉」給出了 1 星評價', '1765092705405', '1761571745554', '新光三越耐吉', 0, 1765110163649, '2025-12-07 12:22:43'),
('notif_1765110164129', '1761655382699', 'newRating', '收到新評價', 'Ty 為您的代購「南紡耐吉」給出了 5 星評價', '1765101105553', '1761576069727', '南紡耐吉', 0, 1765110164129, '2025-12-07 12:22:44'),
('notif_1765110164391', '1761655382699', 'newRating', '收到新評價', 'Ty 為您的代購「南紡愛迪達」給出了 5 星評價', '1765109512085', '1761576069727', '南紡愛迪達', 0, 1765110164391, '2025-12-07 12:22:44'),
('notif_1765112950536', '1761576069727', 'newRating', '收到新評價', 'TestAccount 為您的代購「宜得利」給出了 4 星評價', '1765112654753', '1761655382699', '宜得利', 0, 1765112950536, '2025-12-07 13:09:10'),
('notif_1765112996461', '1761655382699', 'newRating', '收到新評價', 'Ty 為您的代購「宜得利」給出了 5 星評價', '1765112654753', '1761576069727', '宜得利', 0, 1765112996461, '2025-12-07 13:09:56');

-- --------------------------------------------------------

--
-- 資料表結構 `orders`
--

CREATE TABLE `orders` (
  `id` varchar(50) NOT NULL COMMENT '訂單ID',
  `name` varchar(200) NOT NULL COMMENT '商店名稱',
  `address` text NOT NULL COMMENT '代購地點',
  `phone` varchar(20) DEFAULT NULL COMMENT '聯絡電話',
  `line` varchar(100) DEFAULT NULL COMMENT 'Line ID',
  `method` varchar(100) DEFAULT NULL COMMENT '付款方式',
  `note` text DEFAULT NULL COMMENT '備註說明',
  `item_price` int(11) DEFAULT NULL COMMENT '商品總金額（單位：元）',
  `detail_image` text DEFAULT NULL COMMENT '代購明細圖片（Base64 或圖片 URL）',
  `joined` int(11) DEFAULT NULL COMMENT '參與人數',
  `status` enum('preparing','delivering','completed','cancelled','expired') DEFAULT NULL COMMENT '訂單狀態',
  `color` varchar(20) DEFAULT NULL COMMENT '訂單顏色標記',
  `comments` int(11) DEFAULT NULL COMMENT '留言數量',
  `liked` tinyint(1) DEFAULT NULL COMMENT '是否已點讚',
  `like_count` int(11) DEFAULT NULL COMMENT '點讚數量',
  `created_by` varchar(50) NOT NULL COMMENT '發起者用戶ID',
  `created_at` bigint(20) NOT NULL COMMENT '創建時間戳',
  `expires_at` bigint(20) DEFAULT NULL COMMENT '到期時間戳',
  `completed_at` bigint(20) DEFAULT NULL COMMENT '完成時間戳',
  `cancelled_at` bigint(20) DEFAULT NULL COMMENT '取消時間戳',
  `cancellation_reason` text DEFAULT NULL COMMENT '取消原因'
) ENGINE=InnoDB DEFAULT CHARSET=utf8mb4 COLLATE=utf8mb4_unicode_ci;

--
-- 傾印資料表的資料 `orders`
--

INSERT INTO `orders` (`id`, `name`, `address`, `phone`, `line`, `method`, `note`, `item_price`, `detail_image`, `joined`, `status`, `color`, `comments`, `liked`, `like_count`, `created_by`, `created_at`, `expires_at`, `completed_at`, `cancelled_at`, `cancellation_reason`) VALUES
('1762919753007', '好市多', '高雄市', '0905292695', '20030922', '貨到付款 / 轉帳 / Line Pay', '評價成功！', NULL, NULL, 3, 'expired', 'green', 0, 0, 3, '1761655382699', 1762919753006, 1762927013006, NULL, NULL, NULL),
('1762921750172', '壞事少', '高雄市', '0979720345', '0000', '貨到付款 / 轉帳', '加油啊系統！', NULL, NULL, 4, 'expired', 'green', 0, 0, 3, '1761655382699', 1762921750172, 1762925350172, NULL, NULL, NULL),
('1762923078850', 'Replies測試', '台南', '0988989000', '0000', '貨到付款 / 轉帳', '好的開始！', NULL, NULL, 2, 'expired', 'green', 0, 0, 3, '1761571745554', 1762923078850, 1762930278850, NULL, NULL, NULL),
('1762924547247', '信譽等級顯示異常測試', '臺南市', '0905292695', '0000', '貨到付款 / 轉帳 / Line Pay', '檢查信譽等級', NULL, NULL, 1, 'expired', 'green', 0, 0, 1, '1761655382699', 1762924547246, 1762931747246, NULL, NULL, NULL),
('1762927067502', '讚啦', '高雄市', '0988888888', '0000', '貨到付款 / 轉帳 / Line Pay', '測試', NULL, NULL, 1, 'expired', 'green', 0, 0, 1, '1761571745554', 1762927067501, 1762934327501, NULL, NULL, NULL),
('1763433331309', '通知測試', '台南', '0905292695', '0000', '貨到付款 / 轉帳 / Line Pay', '通知測試 加油！', NULL, NULL, 1, 'expired', 'green', 0, 0, 3, '1761655382699', 1763433331308, 1763440531308, NULL, NULL, NULL),
('1763434998061', '通知/評價測試', '臺南市', '0905292695', '0000', '貨到付款', '加油加油快結束了', NULL, NULL, 1, 'expired', 'green', 0, 0, 2, '1761655382699', 1763434998061, 1763442198061, NULL, NULL, NULL),
('1763472539062', '讚讚', '高雄', '0905292695', '0000', '貨到付款 / 轉帳 / Line Pay', '認真最後一次', NULL, NULL, 0, 'completed', 'green', 0, 0, 1, '1761655382699', 1763472539062, 1763479739062, NULL, NULL, NULL),
('1763473909675', '最後一次了', '台南', '0905292696', '00000', '貨到付款 / 轉帳', '拜託了啦', NULL, NULL, 1, 'completed', 'green', 0, 0, 1, '1761655382699', 1763473909675, 1763481409675, NULL, NULL, NULL),
('1763474992423', '西瓜', '高雄', '0905292695', '000000', 'Line Pay / 轉帳 / 貨到付款', '水啦', NULL, NULL, 1, 'completed', 'green', 0, 0, 1, '1761655382699', 1763474992422, 1763482192422, NULL, NULL, NULL),
('1763476081111', 'Watermelon ', '高雄', '0905292695', '20030922', '貨到付款 / 轉帳', '阿拉花瓜', NULL, NULL, 1, 'completed', 'green', 0, 0, 1, '1761655382699', 1763476081111, 1763483281111, NULL, NULL, NULL),
('1765081113666', '漢神愛迪達', '漢神巨蛋', '0905292695', '0000', '貨到付款 / 轉帳 / Line Pay', '顏色尺寸請注記清楚', NULL, NULL, 2, 'delivering', 'green', 0, 0, 2, '1761571745554', 1765081113666, 1765088313666, NULL, NULL, NULL),
('1765092705405', '新光三越耐吉', '台南小西門', '0905292695', '20030922', '貨到付款 / 轉帳 / Line Pay', '好像有料', 1500, NULL, 3, 'completed', 'green', 0, 0, 2, '1761655382699', 1765092705405, 1765100985405, NULL, NULL, NULL),
('1765101105553', '南紡耐吉', '台南市', '0905292695', '0000', '貨到付款 / 轉帳 / Line Pay', '爭氣點', 4500, NULL, 2, 'completed', 'green', 0, 0, 1, '1761655382699', 1765101105553, 1765109085553, NULL, NULL, NULL),
('1765109512085', '南紡愛迪達', '南紡購物中心', '0905292695', '0000', '貨到付款 / 轉帳 / Line Pay', '尺寸顏色請註記清楚', 6000, NULL, 2, 'completed', 'green', 0, 0, 1, '1761655382699', 1765109512085, 1765117612085, NULL, NULL, NULL),
('1765112654753', '宜得利', '台南市', '0905292695', '00000', '貨到付款 / 轉帳 / Line Pay', '加油', 800, NULL, 2, 'completed', 'green', 0, 0, 1, '1761655382699', 1765112654753, 1765120454753, NULL, NULL, NULL);

-- --------------------------------------------------------

--
-- 資料表結構 `order_history`
--

CREATE TABLE `order_history` (
  `id` varchar(50) NOT NULL COMMENT '歷史記錄ID',
  `order_id` varchar(50) NOT NULL COMMENT '訂單ID',
  `user_id` varchar(50) NOT NULL COMMENT '用戶ID',
  `action` varchar(100) NOT NULL COMMENT '操作類型',
  `description` text DEFAULT NULL COMMENT '操作描述',
  `timestamp` bigint(20) NOT NULL COMMENT '時間戳',
  `created_at` timestamp NULL DEFAULT current_timestamp() COMMENT '創建時間'
) ENGINE=InnoDB DEFAULT CHARSET=utf8mb4 COLLATE=utf8mb4_unicode_ci;

-- --------------------------------------------------------

--
-- 資料表結構 `order_joiners`
--

CREATE TABLE `order_joiners` (
  `id` varchar(50) NOT NULL COMMENT '參與記錄ID',
  `order_id` varchar(50) NOT NULL COMMENT '訂單ID',
  `user_id` varchar(50) NOT NULL COMMENT '參與者用戶ID',
  `name` varchar(100) NOT NULL COMMENT '參與者名稱',
  `phone` varchar(20) DEFAULT NULL COMMENT '電話',
  `line` varchar(100) DEFAULT NULL COMMENT 'Line ID',
  `join_time` bigint(20) NOT NULL COMMENT '參與時間',
  `status` enum('pending','accepted','rejected') DEFAULT NULL COMMENT '參與狀態',
  `comment_id` varchar(50) DEFAULT NULL COMMENT '關聯的留言ID',
  `accepted_at` bigint(20) DEFAULT NULL COMMENT '接單時間'
) ENGINE=InnoDB DEFAULT CHARSET=utf8mb4 COLLATE=utf8mb4_unicode_ci;

-- --------------------------------------------------------

--
-- 資料表結構 `reviews`
--

CREATE TABLE `reviews` (
  `id` varchar(50) NOT NULL COMMENT '評價ID',
  `target_user_id` varchar(50) NOT NULL COMMENT '被評價者ID',
  `reviewer_id` varchar(50) NOT NULL COMMENT '評價者ID',
  `reviewer_name` varchar(100) NOT NULL COMMENT '評價者名稱',
  `rating` int(11) NOT NULL COMMENT '評分（1-5）',
  `comment` text DEFAULT NULL COMMENT '評價內容',
  `order_id` varchar(50) NOT NULL COMMENT '關聯訂單ID',
  `order_name` varchar(200) DEFAULT NULL COMMENT '訂單名稱',
  `order_location` text DEFAULT NULL COMMENT '訂單地點',
  `order_contact` varchar(100) DEFAULT NULL COMMENT '訂單聯絡方式',
  `is_from_purchaser` tinyint(1) DEFAULT NULL COMMENT '是否來自代購者',
  `timestamp` bigint(20) NOT NULL COMMENT '評價時間戳',
  `created_at` timestamp NULL DEFAULT current_timestamp() COMMENT '創建時間'
) ENGINE=InnoDB DEFAULT CHARSET=utf8mb4 COLLATE=utf8mb4_unicode_ci;

--
-- 傾印資料表的資料 `reviews`
--

INSERT INTO `reviews` (`id`, `target_user_id`, `reviewer_id`, `reviewer_name`, `rating`, `comment`, `order_id`, `order_name`, `order_location`, `order_contact`, `is_from_purchaser`, `timestamp`, `created_at`) VALUES
('1762920058768_4zaf9', '1761655382699', '1761655382699', 'TestAccount', 5, '好買家', '1762919753007', '好市多', '高雄市', '0905292695', 0, 1762920058768, '2025-11-12 04:01:14'),
('1762920157536_vsbvx', '1761655382699', '1761571745554', 'Jk', 5, '外送速度非常快', '1762919753007', '好市多', '高雄市', '0905292695', 0, 1762920157536, '2025-11-12 04:02:52'),
('1762921930706_x0y44', '1761655382699', '1761655382699', 'TestAccount', 5, '好買家', '1762921750172', '壞事少', '高雄市', '0979720345', 0, 1762921930706, '2025-11-12 04:32:25'),
('1762922010914_4nrkz', '1761655382699', '1761576069727', 'Ty', 5, '代購效率高', '1762921750172', '壞事少', '高雄市', '0979720345', 0, 1762922010914, '2025-11-12 04:33:46'),
('1762922050366_hdfpn', '1761655382699', '1761571745554', 'Jk', 3, '速度有點慢', '1762921750172', '壞事少', '高雄市', '0979720345', 0, 1762922050366, '2025-11-12 04:34:25'),
('1762923959831_a3nub', '1761571745554', '1761571745554', 'Jk', 5, '拜託成功', '1762923078850', 'Replies測試', '台南', '0988989000', 0, 1762923959831, '2025-11-12 05:06:15'),
('1762924054156_r0vfo', '1761571745554', '1761576069727', 'Ty', 3, '老問題', '1762923078850', 'Replies測試', '台南', '0988989000', 0, 1762924054156, '2025-11-12 05:07:49'),
('1762924105808_7axl4', '1761571745554', '1761655382699', 'TestAccount', 4, '不錯', '1762923078850', 'Replies測試', '台南', '0988989000', 0, 1762924105808, '2025-11-12 05:08:41'),
('1762926949731_rfqq6', '1761655382699', '1761655382699', 'TestAccount', 5, '讚', '1762924547247', '信譽等級顯示異常測試', '臺南市', '0905292695', 0, 1762926949731, '2025-11-12 05:56:04'),
('1762927084931_7niko', '1761655382699', '1761571745554', 'Jk', 5, '很讚啦', '1762924547247', '信譽等級顯示異常測試', '臺南市', '0905292695', 0, 1762927084931, '2025-11-12 05:58:20'),
('1763433779242_g6es2', '1761655382699', '1761655382699', 'TestAccount', 5, '最後一步了 加油！', '1763433331309', '通知測試', '台南', '0905292695', 0, 1763433779242, '2025-11-18 02:43:06'),
('1763435220569_6o2e2', '1761655382699', '1761655382699', 'TestAccount', 5, '這次拜託成功！切拜！', '1763434998061', '通知/評價測試', '臺南市', '0905292695', 0, 1763435220569, '2025-11-18 03:07:07'),
('1763435263795_drtu1', '1761655382699', '1761571745554', 'Jk', 5, '至少你要成功！', '1763434998061', '通知/評價測試', '臺南市', '0905292695', 0, 1763435263795, '2025-11-18 03:07:51'),
('1763474077628_ifkrw', '1761655382699', '1761571745554', 'Jk', 5, '不可能這個也壞掉吧', '1763473909675', '最後一次了', '台南', '0905292696', 0, 1763474077628, '2025-11-18 13:54:36'),
('1763475134366_j2c46', '1761655382699', '1761576069727', 'Ty', 3, '一般般', '1763474992423', '西瓜', '高雄', '0905292695', 0, 1763475134366, '2025-11-18 14:12:13'),
('1763476169701_dx6b2', '1761571745554', '1761655382699', 'TestAccount', 1, '動作超慢', '1763476081111', 'Watermelon ', '高雄', '0905292695', 1, 1763476169701, '2025-11-18 14:29:28'),
('1763476236652_u01z2', '1761655382699', '1761571745554', 'Jk', 2, '態度超差', '1763476081111', 'Watermelon ', '高雄', '0905292695', 0, 1763476236652, '2025-11-18 14:30:35'),
('1765081804405_syqpz', '1761576069727', '1761571745554', 'Jk', 5, '客人相當和氣', '1765081113666', '漢神愛迪達', '漢神巨蛋', '0905292695', 1, 1765081804405, '2025-12-07 04:30:27'),
('1765081845988_5tszp', '1761655382699', '1761571745554', 'Jk', 3, '讓我在樓下等一段時間', '1765081113666', '漢神愛迪達', '漢神巨蛋', '0905292695', 1, 1765081845988, '2025-12-07 04:31:09'),
('1765081965355_2qhr1', '1761571745554', '1761576069727', 'Ty', 5, '速度很快', '1765081113666', '漢神愛迪達', '漢神巨蛋', '0905292695', 0, 1765081965355, '2025-12-07 04:33:08'),
('1765082000990_25gbc', '1761571745554', '1761655382699', 'TestAccount', 2, '很機車…', '1765081113666', '漢神愛迪達', '漢神巨蛋', '0905292695', 0, 1765082000990, '2025-12-07 04:33:44'),
('1765093305569_b0eql', '1761576069727', '1761655382699', 'TestAccount', 5, '人很好', '1765092705405', '新光三越耐吉', '台南小西門', '0905292695', 1, 1765093305569, '2025-12-07 07:42:08'),
('1765093341419_c0ipq', '1761571745554', '1761655382699', 'TestAccount', 2, '態度很差 好像欠他錢', '1765092705405', '新光三越耐吉', '台南小西門', '0905292695', 1, 1765093341419, '2025-12-07 07:42:44'),
('1765093401397_fuc8a', '1761655382699', '1761576069727', 'Ty', 5, '速度超級快的 推推!', '1765092705405', '新光三越耐吉', '台南小西門', '0905292695', 0, 1765093401397, '2025-12-07 07:43:44'),
('1765093452094_zsfdc', '1761655382699', '1761571745554', 'Jk', 1, '動作很慢 超級慢', '1765092705405', '新光三越耐吉', '台南小西門', '0905292695', 0, 1765093452094, '2025-12-07 07:44:35'),
('1765101405169_i3flw', '1761576069727', '1761655382699', 'TestAccount', 5, 'nice', '1765101105553', '南紡耐吉', '台南市', '0905292695', 1, 1765101405169, '2025-12-07 09:57:08'),
('1765101526363_k7daq', '1761655382699', '1761576069727', 'Ty', 5, 'pretty fast', '1765101105553', '南紡耐吉', '台南市', '0905292695', 0, 1765101526363, '2025-12-07 09:59:09'),
('1765109805468_iytrj', '1761576069727', '1761655382699', 'TestAccount', 5, '多給我小費 超爽', '1765109512085', '南紡愛迪達', '南紡購物中心', '0905292695', 1, 1765109805468, '2025-12-07 12:17:08'),
('1765109921225_mc6in', '1761655382699', '1761576069727', 'Ty', 5, '速度超快!', '1765109512085', '南紡愛迪達', '南紡購物中心', '0905292695', 0, 1765109921225, '2025-12-07 12:19:04'),
('1765112927137_2uv46', '1761576069727', '1761655382699', 'TestAccount', 4, '下樓有點慢', '1765112654753', '宜得利', '台南市', '0905292695', 1, 1765112927137, '2025-12-07 13:09:10'),
('1765112973325_ozuy4', '1761655382699', '1761576069727', 'Ty', 5, '速度超級快', '1765112654753', '宜得利', '台南市', '0905292695', 0, 1765112973325, '2025-12-07 13:09:56');

-- --------------------------------------------------------

--
-- 資料表結構 `score_history`
--

CREATE TABLE `score_history` (
  `id` varchar(50) NOT NULL COMMENT '歷史記錄ID',
  `user_id` varchar(50) NOT NULL COMMENT '用戶ID',
  `order_id` varchar(50) DEFAULT NULL COMMENT '關聯訂單ID',
  `action` varchar(200) NOT NULL COMMENT '操作描述',
  `score_change` int(11) NOT NULL COMMENT '積分變化',
  `new_score` int(11) NOT NULL COMMENT '新的積分',
  `type` enum('positive','negative') NOT NULL COMMENT '變化類型',
  `timestamp` bigint(20) NOT NULL COMMENT '時間戳',
  `created_at` timestamp NULL DEFAULT current_timestamp() COMMENT '創建時間'
) ENGINE=InnoDB DEFAULT CHARSET=utf8mb4 COLLATE=utf8mb4_unicode_ci;

--
-- 傾印資料表的資料 `score_history`
--

INSERT INTO `score_history` (`id`, `user_id`, `order_id`, `action`, `score_change`, `new_score`, `type`, `timestamp`, `created_at`) VALUES
('score_1762926949872_t5wsny', '1761655382699', '1762924547247', '收到留言者好評', 5, 105, 'positive', 1762926949872, '2025-11-12 05:56:05'),
('score_1762926949957_k5kt1c', '1761655382699', '1762924547247', '完成評價代購者', 2, 107, 'positive', 1762926949957, '2025-11-12 05:56:05'),
('score_1762927085128_56200u', '1761655382699', '1762924547247', '收到留言者好評', 5, 112, 'positive', 1762927085128, '2025-11-12 05:58:20'),
('score_1762927085228_utx6ga', '1761571745554', '1762924547247', '完成評價代購者', 2, 102, 'positive', 1762927085228, '2025-11-12 05:58:20'),
('score_1763433779512_5be86s', '1761655382699', '1763433331309', '收到留言者好評', 5, 117, 'positive', 1763433779512, '2025-11-18 02:43:06'),
('score_1763433779686_v3g5d9', '1761655382699', '1763433331309', '完成評價代購者', 2, 119, 'positive', 1763433779686, '2025-11-18 02:43:06'),
('score_1763435220727_873byy', '1761655382699', '1763434998061', '收到留言者好評', 5, 124, 'positive', 1763435220727, '2025-11-18 03:07:07'),
('score_1763435220818_15utra', '1761655382699', '1763434998061', '完成評價代購者', 2, 126, 'positive', 1763435220818, '2025-11-18 03:07:08'),
('score_1763435263958_9sgloo', '1761655382699', '1763434998061', '收到留言者好評', 5, 131, 'positive', 1763435263958, '2025-11-18 03:07:51'),
('score_1763435264046_0sd3hz', '1761571745554', '1763434998061', '完成評價代購者', 2, 104, 'positive', 1763435264046, '2025-11-18 03:07:51'),
('score_1763474077789_ulsgog', '1761655382699', '1763473909675', '收到留言者好評', 5, 136, 'positive', 1763474077789, '2025-11-18 13:54:37'),
('score_1763474077854_do9pgy', '1761571745554', '1763473909675', '完成評價代購者', 2, 106, 'positive', 1763474077854, '2025-11-18 13:54:37'),
('score_1763475079853_c8m3d8', '1761655382699', '1763474992423', '收到留言者好評', 5, 141, 'positive', 1763475079853, '2025-11-18 14:11:19'),
('score_1763475079917_gvdtql', '1761655382699', '1763474992423', '完成評價代購者', 2, 143, 'positive', 1763475079917, '2025-11-18 14:11:19'),
('score_1763475134507_27qoo4', '1761655382699', '1763474992423', '收到留言者評價', 3, 146, 'positive', 1763475134507, '2025-11-18 14:12:13'),
('score_1763475134576_n6nqkz', '1761576069727', '1763474992423', '完成評價代購者', 2, 102, 'positive', 1763475134576, '2025-11-18 14:12:13'),
('score_1763476169854_hvyrf6', '1761571745554', '1763476081111', '收到代購者差評', -5, 101, 'negative', 1763476169854, '2025-11-18 14:29:29'),
('score_1763476169956_4z36ox', '1761655382699', '1763476081111', '完成評價留言者', 2, 148, 'positive', 1763476169956, '2025-11-18 14:29:29'),
('score_1763476236795_obja0b', '1761655382699', '1763476081111', '收到留言者差評', -3, 145, 'negative', 1763476236795, '2025-11-18 14:30:36'),
('score_1763476236898_vv1z42', '1761571745554', '1763476081111', '完成評價代購者', 2, 103, 'positive', 1763476236898, '2025-11-18 14:30:36'),
('score_1765081804574_dzsume', '1761576069727', '1765081113666', '收到代購者好評', 5, 107, 'positive', 1765081804574, '2025-12-07 04:30:27'),
('score_1765081804659_fxjjoc', '1761571745554', '1765081113666', '完成評價留言者', 2, 105, 'positive', 1765081804659, '2025-12-07 04:30:27'),
('score_1765081846122_p4lcar', '1761655382699', '1765081113666', '收到代購者評價', 3, 148, 'positive', 1765081846122, '2025-12-07 04:31:09'),
('score_1765081846208_jvzti5', '1761571745554', '1765081113666', '完成評價留言者', 2, 107, 'positive', 1765081846208, '2025-12-07 04:31:09'),
('score_1765081965504_95nh7c', '1761571745554', '1765081113666', '收到留言者好評', 5, 112, 'positive', 1765081965504, '2025-12-07 04:33:08'),
('score_1765081965612_40be9x', '1761576069727', '1765081113666', '完成評價代購者', 2, 109, 'positive', 1765081965612, '2025-12-07 04:33:08'),
('score_1765082001158_icdh6q', '1761571745554', '1765081113666', '收到留言者差評', -3, 109, 'negative', 1765082001158, '2025-12-07 04:33:44'),
('score_1765082001249_hf1or0', '1761655382699', '1765081113666', '完成評價代購者', 2, 150, 'positive', 1765082001249, '2025-12-07 04:33:44'),
('score_1765093306103_ez63fu', '1761576069727', '1765092705405', '收到代購者好評', 5, 114, 'positive', 1765093306103, '2025-12-07 07:42:09'),
('score_1765093306686_kny4c3', '1761655382699', '1765092705405', '完成評價留言者', 2, 152, 'positive', 1765093306686, '2025-12-07 07:42:09'),
('score_1765093341986_wv1r6x', '1761571745554', '1765092705405', '收到代購者差評', -5, 104, 'negative', 1765093341986, '2025-12-07 07:42:45'),
('score_1765093342586_8mv46i', '1761655382699', '1765092705405', '完成評價留言者', 2, 154, 'positive', 1765093342586, '2025-12-07 07:42:45'),
('score_1765093401970_ivzf6a', '1761655382699', '1765092705405', '收到留言者好評', 5, 159, 'positive', 1765093401970, '2025-12-07 07:43:45'),
('score_1765093402486_ketpci', '1761576069727', '1765092705405', '完成評價代購者', 2, 116, 'positive', 1765093402486, '2025-12-07 07:43:45'),
('score_1765093452704_bkhipr', '1761655382699', '1765092705405', '收到留言者差評', -3, 156, 'negative', 1765093452704, '2025-12-07 07:44:35'),
('score_1765093453207_bf922k', '1761571745554', '1765092705405', '完成評價代購者', 2, 106, 'positive', 1765093453207, '2025-12-07 07:44:36'),
('score_1765101405820_vmtsje', '1761576069727', '1765101105553', '收到代購者好評', 5, 135, 'positive', 1765101405820, '2025-12-07 09:57:08'),
('score_1765101406356_rqxox6', '1761655382699', '1765101105553', '完成評價留言者', 2, 161, 'positive', 1765101406356, '2025-12-07 09:57:09'),
('score_1765101526969_j0c0vu', '1761655382699', '1765101105553', '收到留言者好評', 5, 166, 'positive', 1765101526969, '2025-12-07 09:59:10'),
('score_1765101527453_np0orp', '1761576069727', '1765101105553', '完成評價代購者', 2, 137, 'positive', 1765101527453, '2025-12-07 09:59:10'),
('score_1765109806353_59ui0u', '1761576069727', '1765109512085', '收到代購者好評', 5, 142, 'positive', 1765109806353, '2025-12-07 12:17:09'),
('score_1765109807169_p4pmir', '1761655382699', '1765109512085', '完成評價留言者', 2, 168, 'positive', 1765109807169, '2025-12-07 12:17:10'),
('score_1765109922003_yqv2ck', '1761655382699', '1765109512085', '收到留言者好評', 5, 173, 'positive', 1765109922003, '2025-12-07 12:19:05'),
('score_1765109922486_353lt6', '1761576069727', '1765109512085', '完成評價代購者', 2, 144, 'positive', 1765109922486, '2025-12-07 12:19:05'),
('score_1765112928135_ipw3p4', '1761576069727', '1765112654753', '收到代購者好評', 5, 149, 'positive', 1765112928135, '2025-12-07 13:09:11'),
('score_1765112928786_07xmyk', '1761655382699', '1765112654753', '完成評價留言者', 2, 175, 'positive', 1765112928786, '2025-12-07 13:09:11'),
('score_1765112973951_9akklo', '1761655382699', '1765112654753', '收到留言者好評', 5, 180, 'positive', 1765112973951, '2025-12-07 13:09:57'),
('score_1765112974570_7z1umi', '1761576069727', '1765112654753', '完成評價代購者', 2, 151, 'positive', 1765112974570, '2025-12-07 13:09:57');

-- --------------------------------------------------------

--
-- 資料表結構 `tier_history`
--

CREATE TABLE `tier_history` (
  `id` varchar(50) NOT NULL COMMENT '歷史記錄ID',
  `user_id` varchar(50) NOT NULL COMMENT '用戶ID',
  `old_tier` varchar(20) NOT NULL COMMENT '舊等級',
  `new_tier` varchar(20) NOT NULL COMMENT '新等級',
  `type` varchar(20) DEFAULT NULL COMMENT '類型',
  `timestamp` bigint(20) NOT NULL COMMENT '時間戳',
  `created_at` timestamp NULL DEFAULT current_timestamp() COMMENT '創建時間'
) ENGINE=InnoDB DEFAULT CHARSET=utf8mb4 COLLATE=utf8mb4_unicode_ci;

-- --------------------------------------------------------

--
-- 資料表結構 `users`
--

CREATE TABLE `users` (
  `id` varchar(50) NOT NULL COMMENT '用戶ID',
  `name` varchar(100) NOT NULL COMMENT '用戶名稱',
  `email` varchar(255) DEFAULT NULL COMMENT '電子郵件',
  `phone` varchar(20) DEFAULT NULL COMMENT '手機號碼',
  `password` varchar(255) DEFAULT NULL COMMENT '密碼（Hashed）',
  `photo` varchar(500) DEFAULT NULL COMMENT '用戶頭像URL',
  `google_id` varchar(255) DEFAULT NULL COMMENT 'Google ID',
  `login_method` enum('email','google','google_demo') DEFAULT NULL COMMENT '登入方式',
  `is_demo` tinyint(1) DEFAULT NULL COMMENT '是否為演示帳號',
  `device_token` varchar(500) DEFAULT NULL COMMENT '推送通知設備令牌',
  `rating` decimal(3,2) DEFAULT NULL COMMENT '平均評分（0-5）',
  `review_count` int(11) DEFAULT NULL COMMENT '被評價次數',
  `gender` varchar(10) DEFAULT NULL COMMENT '性別',
  `city` varchar(100) DEFAULT NULL COMMENT '城市',
  `about_me` text DEFAULT NULL COMMENT '關於我',
  `is_active` tinyint(1) DEFAULT NULL COMMENT '帳號是否啟用',
  `created_at` timestamp NULL DEFAULT current_timestamp() COMMENT '創建時間',
  `updated_at` timestamp NULL DEFAULT current_timestamp() COMMENT '更新時間'
) ENGINE=InnoDB DEFAULT CHARSET=utf8mb4 COLLATE=utf8mb4_unicode_ci;

--
-- 傾印資料表的資料 `users`
--

INSERT INTO `users` (`id`, `name`, `email`, `phone`, `password`, `photo`, `google_id`, `login_method`, `is_demo`, `device_token`, `rating`, `review_count`, `gender`, `city`, `about_me`, `is_active`, `created_at`, `updated_at`) VALUES
('0000', '黄煒傑', 'jason.huang920922@gmail.com', '0905292695', '0000', '/static/user_photos/0000/0000_1765048683_3f6217cae209465984e649a2885d53f4.jpg', '123', NULL, NULL, NULL, NULL, NULL, '男', '台南市', NULL, NULL, '2025-10-26 15:05:40', '2025-12-07 03:19:22'),
('1761571745554', 'Jk', 'jk@gmail.com', '0935712840', '0000', '/static/user_photos/1761571745554/1761571745554_1762846874_fab471b7a3fd4063a0f0e742fd15e1f8.jpg', NULL, 'email', 0, NULL, NULL, NULL, NULL, '高雄市', '讚讚', 1, '2025-10-27 13:29:45', '2025-11-11 15:41:14'),
('1761576069727', 'Ty', 'ty@gmail.com', '0987654123', '0000', '/static/user_photos/1761576069727/1761576069727_1762891059_39fea631af4e4b68ac8638a5f63eb0b8.jpg', NULL, 'email', 0, NULL, NULL, NULL, NULL, '高雄市', NULL, 1, '2025-10-27 14:41:49', '2025-11-12 03:57:39'),
('1761655382699', 'TestAccount', 'gf@gmail.com', '0985236147', '0000', '/static/user_photos/1761655382699/1761655382699_1762846841_cfe02928aac34909a858ac99b791b222.jpg', NULL, 'email', 0, NULL, NULL, NULL, NULL, '臺南市', '成功啦', 1, '2025-10-28 12:43:42', '2025-11-11 15:40:41'),
('1761656048932', 'Lh', 'lh@gmail.com', '0965471328', '0000', '/static/user_photos/1761656048932/1761656048932_1765050505_1caf65dbfac549d089deff5cb067d6b3.jpg', NULL, 'email', 0, NULL, NULL, NULL, '女', '台南市', '好像要成功了喔', 1, '2025-10-28 12:54:49', '2025-12-07 03:49:06'),
('1761739129615', 'Hello', 'hi@gmail.com', '0902436512', '0000', '/static/user_photos/1761739129615/1761739129615_1765048961_f68259f8c4d1466aa4fc2458e4b84076.png', NULL, 'email', 0, NULL, NULL, NULL, '男', '台南市', '進資料庫啦', 1, '2025-10-29 11:59:29', '2025-12-07 03:23:38'),
('1765095289034', '林貴招', 'q0925215759@gmail.com', '0925365759', '0000', NULL, NULL, 'email', 0, NULL, 0.00, 0, NULL, NULL, NULL, 1, '2025-12-07 08:15:12', '2025-12-07 08:15:12'),
('1765095615325', 'li', 'li@gmail.com', '0952889586', '1234', NULL, NULL, 'email', 0, NULL, NULL, NULL, '女', '彰化', '……', 1, '2025-12-07 08:20:38', '2025-12-07 08:25:24'),
('1765098086552', '123', 'qq@gmail.com', '0965874325', '0000', NULL, NULL, 'email', 0, NULL, NULL, NULL, '女', '高雄市', '加油啦', 1, '2025-12-07 09:01:49', '2025-12-07 09:03:21');

-- --------------------------------------------------------

--
-- 資料表結構 `user_likes`
--

CREATE TABLE `user_likes` (
  `id` varchar(50) NOT NULL COMMENT '點讚記錄ID',
  `user_id` varchar(50) NOT NULL COMMENT '用戶ID',
  `order_id` varchar(50) NOT NULL COMMENT '訂單ID',
  `liked` tinyint(1) DEFAULT NULL COMMENT '是否點讚',
  `timestamp` bigint(20) NOT NULL COMMENT '時間戳'
) ENGINE=InnoDB DEFAULT CHARSET=utf8mb4 COLLATE=utf8mb4_unicode_ci;

--
-- 傾印資料表的資料 `user_likes`
--

INSERT INTO `user_likes` (`id`, `user_id`, `order_id`, `liked`, `timestamp`) VALUES
('like_75khOQS8BzFGSU5', '1761571745554', '1762921750172', 1, 1762921797812),
('like_7O1hmJu2AkbgDyR', '1761571745554', '1763434998061', 1, 1763435040295),
('like_94rqXwvYoZOZ8W4', '1761576069727', '1765081113666', 1, 1765081266828),
('like_bESUv4eIw00r90M', '1761571745554', '1763433331309', 1, 1763433371686),
('like_Cgvhgbvsv3oT6vk', '1761571745554', '1763473909675', 1, 1763473928719),
('like_dgkb9lP0p83xK8f', '1761576069727', '1763434998061', 1, 1763435072315),
('like_dOvH0rQjBnwUIVz', '1761655382699', '1763433331309', 1, 1763433431188),
('like_e2dsWFYVkepMDXM', '1761576069727', '1762919753007', 1, 1762919831084),
('like_f1r3eGScK3MLjKL', '1761576069727', '1763474992423', 1, 1763475038413),
('like_iFyxfgmCwtbInvA', '1761655382699', '1762919753007', 1, 1762919776544),
('like_Ih02HlgkVAuGSax', '1761576069727', '1765101105553', 1, 1765101232873),
('like_jJRenKtVpNTwE5d', '1761655382699', '1762923078850', 1, 1762923141010),
('like_lDMk7uPwvPhRV3o', '1761655382699', '1762921750172', 1, 1762921776872),
('like_mBFFnohLI3UzGuG', '1761571745554', '1762919753007', 1, 1762919798767),
('like_oBCNxzZ9PAx6rqq', '1761571745554', '1762927067502', 1, 1762927185090),
('like_Onw8K3rE9GYeVbG', '1761576069727', '1763433331309', 1, 1763433463622),
('like_pMNW8HG2FeeUHvU', '1761576069727', '1762921750172', 1, 1762921854669),
('like_SWhf2zwK2Pvqs33', '1761576069727', '1765112654753', 1, 1765112739476),
('like_TI7d2AKJFsT8CeU', '1761571745554', '1762923078850', 1, 1762923112628),
('like_UuBERh99zFmwYsz', '1761571745554', '1763476081111', 1, 1763476106550),
('like_veSewF1tE8unGXQ', '1761576069727', '1762923078850', 1, 1762923165429),
('like_VsHBtkBJ0G4wWNR', '1761576069727', '1765092705405', 1, 1765092999724),
('like_vT8aD7c735q7Vaz', '1761576069727', '1765109512085', 1, 1765109576452),
('like_VwyR48kDYbu3fbs', '1761655382699', '1765081113666', 1, 1765081475131),
('like_vy34FP8OQYTj7I4', '1761571745554', '1763472539062', 1, 1763472561090),
('like_xj6Mzufm6IG0qRs', '1761571745554', '1762924547247', 1, 1762924615119),
('like_YICkFRLb9npetX1', '1761571745554', '1765092705405', 1, 1765093078881);

-- --------------------------------------------------------

--
-- 資料表結構 `user_tiers`
--

CREATE TABLE `user_tiers` (
  `user_id` varchar(50) NOT NULL COMMENT '用戶ID',
  `score` int(11) DEFAULT NULL COMMENT '信譽積分',
  `tier` enum('掰咖','買咖','團咖','咖王','咖皇') DEFAULT NULL COMMENT '信譽等級',
  `last_updated` bigint(20) NOT NULL COMMENT '最後更新時間'
) ENGINE=InnoDB DEFAULT CHARSET=utf8mb4 COLLATE=utf8mb4_unicode_ci;

--
-- 傾印資料表的資料 `user_tiers`
--

INSERT INTO `user_tiers` (`user_id`, `score`, `tier`, `last_updated`) VALUES
('0000', 100, '買咖', 1765077421286),
('1761571745554', 113, '買咖', 1765100716670),
('1761576069727', 151, '買咖', 1765112974352),
('1761655382699', 180, '買咖', 1765112973785),
('1761656048932', 100, '買咖', 1765079274207),
('1761739129615', 100, '買咖', 1765077729882),
('1765095289034', 102, '買咖', 1765096546303),
('1765095615325', 105, '買咖', 1765096545787),
('1765098086552', 100, '買咖', 1765098088253);

-- --------------------------------------------------------

--
-- 資料表結構 `verification_codes`
--

CREATE TABLE `verification_codes` (
  `id` varchar(50) NOT NULL COMMENT '驗證碼ID',
  `account` varchar(255) NOT NULL COMMENT '帳號（email或phone）',
  `code` varchar(10) NOT NULL COMMENT '驗證碼',
  `expires_at` bigint(20) NOT NULL COMMENT '過期時間戳',
  `used` tinyint(1) DEFAULT NULL COMMENT '是否已使用',
  `created_at` timestamp NULL DEFAULT current_timestamp() COMMENT '創建時間'
) ENGINE=InnoDB DEFAULT CHARSET=utf8mb4 COLLATE=utf8mb4_unicode_ci;

--
-- 已傾印資料表的索引
--

--
-- 資料表索引 `comments`
--
ALTER TABLE `comments`
  ADD PRIMARY KEY (`id`),
  ADD KEY `order_id` (`order_id`),
  ADD KEY `commenter_id` (`commenter_id`),
  ADD KEY `parent_id` (`parent_id`),
  ADD KEY `ignored_by` (`ignored_by`);

--
-- 資料表索引 `comment_items`
--
ALTER TABLE `comment_items`
  ADD PRIMARY KEY (`id`),
  ADD KEY `idx_comment_id` (`comment_id`);

--
-- 資料表索引 `comment_replies`
--
ALTER TABLE `comment_replies`
  ADD PRIMARY KEY (`id`),
  ADD KEY `comment_id` (`comment_id`);

--
-- 資料表索引 `notifications`
--
ALTER TABLE `notifications`
  ADD PRIMARY KEY (`id`),
  ADD KEY `user_id` (`user_id`),
  ADD KEY `order_id` (`order_id`),
  ADD KEY `commenter_id` (`commenter_id`);

--
-- 資料表索引 `orders`
--
ALTER TABLE `orders`
  ADD PRIMARY KEY (`id`),
  ADD KEY `created_by` (`created_by`);

--
-- 資料表索引 `order_history`
--
ALTER TABLE `order_history`
  ADD PRIMARY KEY (`id`),
  ADD KEY `order_id` (`order_id`),
  ADD KEY `user_id` (`user_id`);

--
-- 資料表索引 `order_joiners`
--
ALTER TABLE `order_joiners`
  ADD PRIMARY KEY (`id`),
  ADD KEY `order_id` (`order_id`),
  ADD KEY `user_id` (`user_id`),
  ADD KEY `comment_id` (`comment_id`);

--
-- 資料表索引 `reviews`
--
ALTER TABLE `reviews`
  ADD PRIMARY KEY (`id`),
  ADD KEY `target_user_id` (`target_user_id`),
  ADD KEY `reviewer_id` (`reviewer_id`),
  ADD KEY `order_id` (`order_id`);

--
-- 資料表索引 `score_history`
--
ALTER TABLE `score_history`
  ADD PRIMARY KEY (`id`),
  ADD KEY `user_id` (`user_id`),
  ADD KEY `order_id` (`order_id`);

--
-- 資料表索引 `tier_history`
--
ALTER TABLE `tier_history`
  ADD PRIMARY KEY (`id`),
  ADD KEY `user_id` (`user_id`);

--
-- 資料表索引 `users`
--
ALTER TABLE `users`
  ADD PRIMARY KEY (`id`),
  ADD UNIQUE KEY `email` (`email`),
  ADD UNIQUE KEY `phone` (`phone`),
  ADD UNIQUE KEY `google_id` (`google_id`);

--
-- 資料表索引 `user_likes`
--
ALTER TABLE `user_likes`
  ADD PRIMARY KEY (`id`),
  ADD KEY `user_id` (`user_id`),
  ADD KEY `order_id` (`order_id`);

--
-- 資料表索引 `user_tiers`
--
ALTER TABLE `user_tiers`
  ADD PRIMARY KEY (`user_id`);

--
-- 資料表索引 `verification_codes`
--
ALTER TABLE `verification_codes`
  ADD PRIMARY KEY (`id`);

--
-- 已傾印資料表的限制式
--

--
-- 資料表的限制式 `comments`
--
ALTER TABLE `comments`
  ADD CONSTRAINT `comments_ibfk_1` FOREIGN KEY (`order_id`) REFERENCES `orders` (`id`) ON DELETE CASCADE,
  ADD CONSTRAINT `comments_ibfk_2` FOREIGN KEY (`commenter_id`) REFERENCES `users` (`id`) ON DELETE CASCADE,
  ADD CONSTRAINT `comments_ibfk_3` FOREIGN KEY (`parent_id`) REFERENCES `comments` (`id`) ON DELETE SET NULL,
  ADD CONSTRAINT `comments_ibfk_4` FOREIGN KEY (`ignored_by`) REFERENCES `users` (`id`) ON DELETE SET NULL;

--
-- 資料表的限制式 `comment_replies`
--
ALTER TABLE `comment_replies`
  ADD CONSTRAINT `comment_replies_ibfk_1` FOREIGN KEY (`comment_id`) REFERENCES `comments` (`id`) ON DELETE CASCADE;

--
-- 資料表的限制式 `notifications`
--
ALTER TABLE `notifications`
  ADD CONSTRAINT `notifications_ibfk_1` FOREIGN KEY (`user_id`) REFERENCES `users` (`id`) ON DELETE CASCADE,
  ADD CONSTRAINT `notifications_ibfk_2` FOREIGN KEY (`order_id`) REFERENCES `orders` (`id`) ON DELETE CASCADE,
  ADD CONSTRAINT `notifications_ibfk_3` FOREIGN KEY (`commenter_id`) REFERENCES `users` (`id`) ON DELETE SET NULL;

--
-- 資料表的限制式 `orders`
--
ALTER TABLE `orders`
  ADD CONSTRAINT `orders_ibfk_1` FOREIGN KEY (`created_by`) REFERENCES `users` (`id`) ON DELETE CASCADE;

--
-- 資料表的限制式 `order_history`
--
ALTER TABLE `order_history`
  ADD CONSTRAINT `order_history_ibfk_1` FOREIGN KEY (`order_id`) REFERENCES `orders` (`id`) ON DELETE CASCADE,
  ADD CONSTRAINT `order_history_ibfk_2` FOREIGN KEY (`user_id`) REFERENCES `users` (`id`) ON DELETE CASCADE;

--
-- 資料表的限制式 `order_joiners`
--
ALTER TABLE `order_joiners`
  ADD CONSTRAINT `order_joiners_ibfk_1` FOREIGN KEY (`order_id`) REFERENCES `orders` (`id`) ON DELETE CASCADE,
  ADD CONSTRAINT `order_joiners_ibfk_2` FOREIGN KEY (`user_id`) REFERENCES `users` (`id`) ON DELETE CASCADE,
  ADD CONSTRAINT `order_joiners_ibfk_3` FOREIGN KEY (`comment_id`) REFERENCES `comments` (`id`) ON DELETE SET NULL;

--
-- 資料表的限制式 `reviews`
--
ALTER TABLE `reviews`
  ADD CONSTRAINT `reviews_ibfk_1` FOREIGN KEY (`target_user_id`) REFERENCES `users` (`id`) ON DELETE CASCADE,
  ADD CONSTRAINT `reviews_ibfk_2` FOREIGN KEY (`reviewer_id`) REFERENCES `users` (`id`) ON DELETE CASCADE,
  ADD CONSTRAINT `reviews_ibfk_3` FOREIGN KEY (`order_id`) REFERENCES `orders` (`id`) ON DELETE CASCADE;

--
-- 資料表的限制式 `score_history`
--
ALTER TABLE `score_history`
  ADD CONSTRAINT `score_history_ibfk_1` FOREIGN KEY (`user_id`) REFERENCES `users` (`id`) ON DELETE CASCADE,
  ADD CONSTRAINT `score_history_ibfk_2` FOREIGN KEY (`order_id`) REFERENCES `orders` (`id`) ON DELETE CASCADE;

--
-- 資料表的限制式 `tier_history`
--
ALTER TABLE `tier_history`
  ADD CONSTRAINT `tier_history_ibfk_1` FOREIGN KEY (`user_id`) REFERENCES `users` (`id`) ON DELETE CASCADE;

--
-- 資料表的限制式 `user_likes`
--
ALTER TABLE `user_likes`
  ADD CONSTRAINT `user_likes_ibfk_1` FOREIGN KEY (`user_id`) REFERENCES `users` (`id`) ON DELETE CASCADE,
  ADD CONSTRAINT `user_likes_ibfk_2` FOREIGN KEY (`order_id`) REFERENCES `orders` (`id`) ON DELETE CASCADE;

--
-- 資料表的限制式 `user_tiers`
--
ALTER TABLE `user_tiers`
  ADD CONSTRAINT `user_tiers_ibfk_1` FOREIGN KEY (`user_id`) REFERENCES `users` (`id`) ON DELETE CASCADE;
COMMIT;

/*!40101 SET CHARACTER_SET_CLIENT=@OLD_CHARACTER_SET_CLIENT */;
/*!40101 SET CHARACTER_SET_RESULTS=@OLD_CHARACTER_SET_RESULTS */;
/*!40101 SET COLLATION_CONNECTION=@OLD_COLLATION_CONNECTION */;
